urls_id	urls	urls_title	urls_visit_count	urls_typed_count	urls_last_visit_time	urls_hidden	visits_time	visits_from_visit	visits_duration	visits_transition
1	https://www.google.com/search?q=linkedin&oq=link&aqs=chrome.1.69i57j0i131i433j0i433j5.1920j0j7&client=ms-android-samsung&sourceid=chrome-mobile&ie=UTF-8	linkedin - Google Search	1	0	13267086036802546	0	13267086036802546	0	0	838860805
2	https://in.linkedin.com/	Feed | LinkedIn	6	0	13267556237494768	0	13267556237494768	0	0	268435456
3	https://www.linkedin.com/uas/login-submit	LinkedIn Login, Sign in | LinkedIn	1	0	13267086111325949	0	13267086111325949	2	11316959	805306375
4	https://www.linkedin.com/signup/cold-join?source=homepage-basic_google-one-tap-submit	Sign Up | LinkedIn	1	0	13267086122642908	0	13267086122642908	3	0	805306368
5	https://www.linkedin.com/xauth/startauth?_authEd=AgErSOEQ4l6VIQAAAXnLPjUG4x8pPJqfLnc7-ucBrWC_6rEZ_vsG8I6WntLACm8Kwrqa9g11uudbSmO7LJXs3K_p8vu9nc5nXEVvjnX2gLYhpiEs9pVkUoZz_vfxrAJaPTsmKPii41XKOr-GP-9fwwAhn6e5UfBS-lb4gLXArGrNJH69k28zlxm3VHYtDbsC3713UIbAEq2Csx8Uw8KsG_DyYgVnRMZAuDEijycM4Q	Sign in – Google accounts	1	0	13267086127493673	0	13267086127493673	0	0	268435456
6	https://accounts.google.com/o/oauth2/v2/auth?client_id=802926523257.apps.googleusercontent.com&redirect_uri=https%3A%2F%2Fwww.linkedin.com%2Fgenie%2Ffinishauth&scope=profile%20email&response_type=code&state=22d9f1cc-f20b-4660-9623-4404ef658d24	Sign in – Google accounts	2	0	13267086129576004	0	13267086129576004	0	0	805306368
7	https://accounts.google.com/o/oauth2/v2/auth/oauthchooseaccount?client_id=802926523257.apps.googleusercontent.com&redirect_uri=https%3A%2F%2Fwww.linkedin.com%2Fgenie%2Ffinishauth&scope=profile%20email&response_type=code&state=22d9f1cc-f20b-4660-9623-4404ef658d24&flowName=GeneralOAuthFlow	Sign in – Google accounts	1	0	13267086130581776	0	13267086130581776	0	0	805306368
8	https://accounts.google.com/signin/oauth/consent?authuser=0&part=AJi8hAMz1cf5eXdr-BAi_CQ_bVUlabIkZmJjE6hpcdfSRbvVQWosMCLwKRRUVFwxJjIm2AFq1Ac_Y6DfFZ4vHzRGrHnQH6bLPMY4gpNxNR4INcjNqWZz5RPwwqDVNjU46-lLFukfDRXKjrrliNeuuKZz5ZJTBHxEuPMzHEM7VgynpJkvWjZWUUes9CjEyN6pnaOAhMle5EU9gXGOZPJdJ4FpJt28yL5RZlMsHEXj_0rC2UFIrR8Tb2pNwG7iAvBPvzRDN9XMEQHRV0W3w4PUazwLm-ljcKxJgoiscOxbnt0IXFrGEilp5glm6MiV3e7PISm8cPUrBfLn76wWAmkbgn_wtED1OlB3JcSckzGOCG4eMwg7dbcACbjvFSAAJR4yLMtMl7ErIqI-w8bZ3hJhFAs14ExSzlBnlA&as=S-754918618%3A1622612527216206&pli=1&rapt=AEjHL4NRhgul6q9aXYOOiKq9z3U1sWIIWDOEyn_XUjqzlrr4BN-kQwYNyhGTpQHvPMNSfgyvfXDTltg9fi34HICzqS3MKOsA6A#	Processing... | LinkedIn	1	0	13267086137627111	0	13267086137627111	8	0	1073741824
9	https://www.linkedin.com/genie/finishauth?state=22d9f1cc-f20b-4660-9623-4404ef658d24&code=4%2F0AY0e-g5B1UHg_G44W6_12_VST9_bnpRILY2xwFdJlEqRUAzVy_FrHz3UdRBlEod-tPTcVQ&scope=email+profile+https%3A%2F%2Fwww.googleapis.com%2Fauth%2Fuserinfo.profile+https%3A%2F%2Fwww.googleapis.com%2Fauth%2Fuserinfo.email+openid&authuser=0&prompt=consent#	Processing... | LinkedIn	1	0	13267086137627111	0	13267086137627111	9	0	2147483648
10	https://www.linkedin.com/xauth/scb?_authEd=AgE6DukWDkPWtQAAAXnLPm1hVXo3_P8hpM1ePLuuObRBgdzXlQCJA_LRL8wTAZDSTv5NEjwe5vPCVS_PXWZHzttQLUf9wWVOwXkR_mEzLtX3qfT05vZjPmtJE8v2UYIwO6jXTqaJXRahI40ZSujkvwbkrrc7jtlsglNBB_VtOVsg4ZxbS_95Vaf57p6LFsUwDyT1nTvE3W2rB0vpGRHFb51tBv6FKBdfBOARncJXKpqu_HixMDLn6hZ02Q75R4PNRA4pvenbZX0mSc1oeXBWt2yDzsqD6ZN5HvYNxqeqeWenkdK7O4BikWaMLK3a4aW04dWbqKTG9LiGvOijLZzCeElc5ShEUo1J2am8gFHcDZ0#	Processing... | LinkedIn	1	0	13267086137627111	0	13267086137627111	10	8991338	2684354560
11	https://www.linkedin.com/checkpoint/challenge/verify		1	0	13267086268159065	1	13267086268159065	0	0	268435460
12	https://www.linkedin.com/checkpoint/challenge/iframe?vcd=AgH3maSZrZQ_HgAAAXnLQGv1r-Sl1602HhLFNhw9xXO7DsgzUeMTZkAPaxv7YDP5L0FNHb15l2FEBbaSeDhZUFkXlLkt5A&pageInstance=urn%3Ali%3Apage%3Ap_checkpoint_ch_captchaV2Challenge%3BWMIUKClXSTuOrs7ShujeQw%3D%3D&controlId=p_checkpoint_ch_captchaV2Challenge-Submit&ut=3oyQnis5HoFFM1		1	0	13267086268159065	1	13267086268159065	12	0	2684354564
13	https://www.linkedin.com/onboarding/start/?source=homepage-basic_google-one-tap-submit	LinkedIn Onboarding	1	0	13267086270766278	0	13267086270766278	4	0	1073741824
14	https://www.linkedin.com/mwlite/onboarding/start/profile-location/new/?source=homepage-basic_google-one-tap-submit	LinkedIn Onboarding	3	0	13267086294769521	0	13267086294769521	17	0	1895825408
15	https://www.linkedin.com/	Feed | LinkedIn	12	0	13269371233234255	0	13269371233234255	0	0	805306368
16	https://www.linkedin.com/mwlite/onboarding/start/profile-location/new/?source=homepage-basic_google-one-tap-submit#profile-location-typeahead-container	LinkedIn Onboarding	1	0	13267086282377098	0	13267086282377098	17	0	1610612736
17	https://www.linkedin.com/mwlite/onboarding/start/profile-edit/new?source=homepage-basic_google-one-tap-submit	LinkedIn Onboarding	1	0	13267086297212714	0	13267086297212714	19	0	1610612736
18	https://www.linkedin.com/mwlite/onboarding/start/profile-edit/new?source=homepage-basic_google-one-tap-submit#education	LinkedIn Onboarding	4	0	13267086379259391	0	13267086379259391	25	0	1895825408
19	https://www.linkedin.com/mwlite/onboarding/start/profile-edit/new?source=homepage-basic_google-one-tap-submit#profile-edit-typeahead-container	LinkedIn Onboarding	3	0	13267086372217655	0	13267086372217655	25	0	1610612736
20	https://www.linkedin.com/mwlite/onboarding/start/job-seeker-intent/new?source=homepage-basic_google-one-tap-submit%23education	LinkedIn Onboarding	1	0	13267086383339627	0	13267086383339627	27	0	1610612736
21	https://www.linkedin.com/mwlite/onboarding/start/get-the-app/new?source=homepage-basic_google-one-tap-submit%23education	LinkedIn Onboarding: Get the App	1	0	13267086389451176	0	13267086389451176	28	0	1610612736
22	https://www.linkedin.com/feed/	LinkedIn	8	0	13269494730955347	0	13269494730955347	0	0	805306368
23	https://www.linkedin.com/mwlite/in/bot-test-569594213	Profile | LinkedIn	4	0	13268233045748506	0	13268233045748506	414	3396787	805306368
24	https://www.linkedin.com/mwlite/in/bot-test-569594213#search	Profile | LinkedIn	2	0	13267212001673798	0	13267212001673798	67	0	805306368
25	https://www.linkedin.com/mwlite/in/swapnalshahil	Profile | LinkedIn	10	0	13269371245682309	0	13269371245682309	726	0	1610612736
26	https://www.linkedin.com/psettings/profile-visibility	Profile viewing	1	0	13267086435276192	0	13267086435276192	33	0	805306368
27	http://m.cricbuzz.com/	IPL 2021 Cricket Score, Schedule, Latest News, Stats &amp; Videos - Cricbuzz	1	0	13267176449106082	0	13267176449106082	0	0	268435458
28	https://m.cricbuzz.com/	IPL 2021 Cricket Score, Schedule, Latest News, Stats &amp; Videos - Cricbuzz	1	0	13267176449106082	0	13267176449106082	42	0	2684354562
29	https://www.google.com/search?q=linkedin&oq=l&aqs=chrome.0.69i59j69i60l4.758j0j4&client=ms-android-samsung&sourceid=chrome-mobile&ie=UTF-8	linkedin - Google Search	1	0	13267176452606506	0	13267176452606506	0	0	838860805
30	https://www.linkedin.com/home/?originalSubdomain=in	LinkedIn	18	1	13269494722966367	0	13269494722966367	0	0	805306370
31	https://www.linkedin.com/home/?originalSubdomain=in#search	Feed | LinkedIn	6	0	13269371243656278	0	13269371243656278	0	0	805306368
32	https://www.linkedin.com/in/swapnalshahil/	Swapnal Shahil | LinkedIn	7	0	13269494754621592	0	13269494754621592	0	0	805306368
33	https://www.linkedin.com/feed/update/urn:li:activity:6802088359524233217/	Post | Feed | LinkedIn	1	0	13267176552889932	0	13267176552889932	0	0	805306368
34	https://www.google.com/search?q=linkedin&oq=&aqs=chrome.0.35i39i362l3...3.-1j0j7&client=ms-android-samsung&sourceid=chrome-mobile&ie=UTF-8	linkedin - Google Search	2	0	13267211986044528	0	13267211986044528	0	0	838860805
35	https://www.linkedin.com/mwlite/in/swapnalshahil#search	Profile | LinkedIn	2	0	13267212032005563	0	13267212032005563	71	0	1895825408
36	https://www.linkedin.com/mwlite/in/simran-swaraj-28ab40170	Profile | LinkedIn	1	0	13267212022264478	0	13267212022264478	71	0	1610612736
37	https://www.google.com/search?q=scprelab&oq=scprelab&aqs=chrome..69i57j46i13i175i199j0i13l2.2343j0j7&client=ms-android-samsung&sourceid=chrome-mobile&ie=UTF-8	scprelab - Google Search	1	0	13267290234741093	0	13267290234741093	0	0	838860805
38	https://github.com/scorelab	SCoRe Lab · GitHub	1	0	13267290242783708	0	13267290242783708	0	9389651	805306368
39	https://github.com/scorelab/OpenMF	GitHub - scorelab/OpenMF: An Open Source Mobile Forensics Investigation Tool for Android Platform	1	0	13267290252173359	0	13267290252173359	75	2599868556	805306368
40	https://gitter.im/scorelab/OpenMF	scorelab/OpenMF - Gitter	24	1	13269495557555124	0	13269495557555124	0	0	805306376
41	https://m.facebook.com/	Facebook	16	3	13269246872722510	0	13269246872722510	0	0	805306368
42	https://www.google.com/search?q=linkedin&oq=&aqs=chrome.0.35i39i362l4j69i59i450...4.-1j0j7&client=ms-android-samsung&sourceid=chrome-mobile&ie=UTF-8	linkedin - Google Search	2	0	13267556228464299	0	13267556228464299	112	0	2684354565
43	https://www.linkedin.com/notifications/	Notifications | LinkedIn	2	0	13268233060196800	0	13268233060196800	417	4625098	805306376
44	chrome-error://chromewebdata/	linkedin - Google Search	1	0	13267556228464299	0	13267556228464299	0	0	268435461
45	http://firmware.mobi/	firmware.mobi	1	1	13267629141954445	0	13267629141954445	0	0	268435457
46	https://firmware.mobi/	firmware.mobi	1	0	13267629141954445	0	13267629141954445	0	0	2684354561
47	https://www.google.com/search?q=com.android.providers.telephony+not+in+samsung&oq=com.android.providers.telephony+not+in+sa&aqs=chrome.1.69i57j33i160l3.52671j0j7&client=ms-android-samsung&sourceid=chrome-mobile&ie=UTF-8	com.android.providers.telephony not in samsung - Google Search	2	0	13267632220896640	0	13267632220896640	0	0	855638021
48	https://android.stackexchange.com/questions/16915/where-on-the-file-system-are-sms-messages-stored	Where on the file system are SMS messages stored? - Android Enthusiasts Stack Exchange	1	0	13267631110024428	0	13267631110024428	0	0	805306368
49	https://www.google.com/search?q=samsung+on7+sms+storage&oq=samsung+on7+sms+sto&aqs=chrome.3.69i57j33i22i29i30l4.14868j0j9&client=ms-android-samsung&sourceid=chrome-mobile&ie=UTF-8	samsung on7 sms storage - Google Search	2	0	13267632263477340	0	13267632263477340	0	0	855638021
50	https://www.google.com/search?q=samsung+on7+sms+storage&oq=samsung+on7+sms+sto&aqs=chrome.3.69i57j33i22i29i30l4.14868j0j9&client=ms-android-samsung&sourceid=chrome-mobile&ie=UTF-8#sbfbu=1&pi=samsung%20on7%20sms%20storage	samsung on7 sms storage - Google Search	1	0	13267632255206953	0	13267632255206953	0	0	805306368
51	https://www.google.com/search?q=samsung+on7+sms+storage+place&client=ms-android-samsung&sxsrf=ALeKk03WzFZI7rjFA3sDdIWpWLNE4B9M6Q%3A1623158646992&ei=dm-_YMyPPPzTz7sP_5SIwAM&oq=samsung+on7+sms+storage+place&gs_lcp=ChNtb2JpbGUtZ3dzLXdpei1zZXJwEAMyBQghEKABMgUIIRCgAToECAAQRzoICCEQFhAdEB46BwghEAoQoAFQxEJYm2Zg8m9oAHABeACAAYkDiAHMC5IBBzAuMi4zLjGYAQCgAQHIAQjAAQE&sclient=mobile-gws-wiz-serp	samsung on7 sms storage place - Google Search	3	0	13267634032637464	0	13267634032637464	0	0	822083591
52	https://www.samsung.com/in/support/mobile-devices/how-to-share-contact-in-samsung-galaxy-on7/	How to share Contact in Samsung Galaxy On7(SM-G600FY)? | Samsung India	1	0	13267634008922894	0	13267634008922894	0	0	805306368
53	https://www.google.com/search?q=extracting+sms+from+Samsungon7&oq=extracting+sms+from+Samsungon7+&aqs=chrome..69i57j33i10i160l4.27013j1j9&client=ms-android-samsung&sourceid=chrome-mobile&ie=UTF-8	extracting sms from Samsungon7 - Google Search	1	0	13267634072220558	0	13267634072220558	0	0	838860805
54	https://www.google.com/search?q=com.android.providers.telephony+in+samsung+on7&oq=com.android.providers.telephony+in+samsung+on7&aqs=chrome..69i57.54587j0j9&client=ms-android-samsung&sourceid=chrome-mobile&ie=UTF-8	com.android.providers.telephony in samsung on7 - Google Search	1	0	13267634304733260	0	13267634304733260	0	0	838860805
55	https://developer.android.com/reference/android/provider/Telephony	Telephony  |  Android Developers	4	0	13267634490506963	0	13267634490506963	0	158436	805306368
56	https://developer.android.com/oauth2authorize?return_url=https%3A%2F%2Fdeveloper.android.com%2Freference%2Fandroid%2Fprovider%2FTelephony&prompt=none&auto_signin=True&scopes=https%3A%2F%2Fwww.googleapis.com%2Fauth%2Fdeveloperprofiles+https%3A%2F%2Fwww.googleapis.com%2Fauth%2Fdeveloperprofiles.award	Telephony  |  Android Developers	1	0	13267634314296296	0	13267634314296296	137	0	2147483648
57	https://accounts.google.com/o/oauth2/v2/auth?client_id=721724668570-nbkv1cfusk7kk4eni4pjvepaus73b13t.apps.googleusercontent.com&redirect_uri=https%3A%2F%2Fdeveloper.android.com%2Foauth2callback&scope=openid+https%3A%2F%2Fwww.googleapis.com%2Fauth%2Fuserinfo.email+https%3A%2F%2Fwww.googleapis.com%2Fauth%2Fdeveloperprofiles+https%3A%2F%2Fwww.googleapis.com%2Fauth%2Fdeveloperprofiles.award+https%3A%2F%2Fwww.googleapis.com%2Fauth%2Fuserinfo.profile+https%3A%2F%2Fwww.googleapis.com%2Fauth%2Fgoogledevelopers&access_type=online&response_type=code&state=%7B%22csrf_token%22%3A+%22d3f104b4baa6d7a7cf3027240b239bc9242337b6cbd2a9b7e228daa45a832ee4%22%2C+%22return_url%22%3A+%22https%3A%2F%2Fdeveloper.android.com%2Freference%2Fandroid%2Fprovider%2FTelephony%22%7D&prompt=none&auto_signin=True	Telephony  |  Android Developers	1	0	13267634314296296	0	13267634314296296	138	0	2147483648
58	https://developer.android.com/oauth2callback?state=%7B%22csrf_token%22%3A+%22d3f104b4baa6d7a7cf3027240b239bc9242337b6cbd2a9b7e228daa45a832ee4%22%2C+%22return_url%22%3A+%22https%3A%2F%2Fdeveloper.android.com%2Freference%2Fandroid%2Fprovider%2FTelephony%22%7D&code=4%2F0AY0e-g6fkKmzoXckQsHj41o_3hTZydwdl0-IPt_3R5CIj5L1SjX3sVqWAll9J4RHviSzTw&scope=email+profile+https%3A%2F%2Fwww.googleapis.com%2Fauth%2Fdeveloperprofiles.award+https%3A%2F%2Fwww.googleapis.com%2Fauth%2Fuserinfo.profile+https%3A%2F%2Fwww.googleapis.com%2Fauth%2Fgoogledevelopers+openid+https%3A%2F%2Fwww.googleapis.com%2Fauth%2Fdeveloperprofiles+https%3A%2F%2Fwww.googleapis.com%2Fauth%2Fuserinfo.email&authuser=0&prompt=none	Telephony  |  Android Developers	1	0	13267634314296296	0	13267634314296296	139	0	2147483648
59	https://developer.android.com/reference/android/provider/Telephony.MmsSms	Telephony.MmsSms  |  Android Developers	1	0	13267634490665399	0	13267634490665399	143	0	805306368
60	https://www.google.com/search?q=swapnal+shahil&oq=swapnal+shahil&aqs=chrome..69i57j69i60.4506j0j7&client=ms-android-samsung&sourceid=chrome-mobile&ie=UTF-8	swapnal shahil - Google Search	1	0	13267862400479675	0	13267862400479675	0	0	838860805
61	https://in.linkedin.com/in/swapnalshahil	Profile | LinkedIn	2	0	13268233031692089	0	13268233031692089	0	0	268435456
62	https://www.linkedin.com/authwall?trk=ripf&trkInfo=AQEjX03ByWbY3wAAAXn5g2cofxBIowuvnJyrrEkfD6OR9XYph9TKL_RxKveoU2n7xa9fRtiT1S0dvsZ2_Fzow6pqM3-VWa4CFSOCxW4WkfenXuiLPqYP5AEcJwKl3hVsluDzmeo=&originalReferer=https://www.google.com/&sessionRedirect=https%3A%2F%2Fin.linkedin.com%2Fin%2Fswapnalshahil	Profile | LinkedIn	1	0	13267862417468302	0	13267862417468302	146	0	1073741824
63	https://www.linkedin.com/in/swapnalshahil	Profile | LinkedIn	4	0	13268233035094356	0	13268233035094356	413	10654150	1610612736
64	https://www.linkedin.com/messaging/	Messages | LinkedIn	1	0	13267862451015431	0	13267862451015431	150	0	805306368
65	https://www.google.com/search?q=swapnal+shahil&oq=&aqs=chrome.0.35i39i362l5...5.-1j0j7&client=ms-android-samsung&sourceid=chrome-mobile&ie=UTF-8	swapnal shahil - Google Search	9	0	13268245157444903	0	13268245157444903	0	0	838860805
66	https://swapnalshahil.github.io/	Swapnal Shahil	2	0	13268223729210218	0	13268223729210218	0	0	805306368
67	https://github.com/swapnalshahil	swapnalshahil (Swapnal Shahil) · GitHub	13	1	13269496375016087	0	13269496375016087	0	14662793	805306370
68	https://github.com/scorelab/OpenMF/pull/175	Extraction of text messages(sms) by swapnalshahil · Pull Request #175 · scorelab/OpenMF · GitHub	5	0	13268246146752636	0	13268246146752636	466	0	805306376
69	https://www.google.com/search?q=shubham+kumar&oq=shubham+kumar&aqs=chrome..69i57j0l4.6821j0j4&client=ms-android-samsung&sourceid=chrome-mobile&ie=UTF-8	shubham kumar - Google Search	3	0	13267972989849146	0	13267972989849146	0	0	855638021
70	https://www.google.com/search?q=shubham+kumar&oq=shubham+kumar&aqs=chrome..69i57j0l4.6821j0j4&client=ms-android-samsung&sourceid=chrome-mobile&ie=UTF-8#trex=m_t:lcl_akp,rc_f:rln,rc_ludocids:15465911317449257708,ru_lqi:Cg1zaHViaGFtIGt1bWFykgESYXBhcnRtZW50X2J1aWxkaW5nqgEVEAEqESINc2h1YmhhbSBrdW1hcigA,trex_id:vBkytb	shubham kumar - Google Search	1	0	13267972969630884	0	13267972969630884	0	0	805306368
71	https://m.facebook.com/public/Shubham-Kumar	shubham-kumar प्रोफाइल | Facebook	1	0	13267972986247611	0	13267972986247611	0	0	805306368
72	https://www.google.com/search?q=swapnal+shahil&client=ms-android-samsung&prmd=vin&sxsrf=ALeKk03-sA_AqLAa3BT_riAmMHbmnjtpCA:1623505752742&source=lnms&tbm=isch&sa=X&ved=2ahUKEwi55LqdnpLxAhW4IbcAHVanBAoQ_AUoAnoECAIQAg&biw=360&bih=560&dpr=2	swapnal shahil - Google Search	2	0	13267979367304677	0	13267979367304677	0	0	805306368
73	file:///storage/emulated/0/Download/download.webp	download.webp (225×225)	1	0	13267979380047735	0	13267979380047735	0	5420006	939524096
74	file:///sdcard	Index of /sdcard/	1	1	13267980754222222	0	13267980754222222	0	0	268435457
75	file:///sdcard/	Index of /sdcard/	3	0	13267980888967257	0	13267980888967257	0	0	855638017
76	file:///sdcard/Android/	Index of /sdcard/Android/	2	0	13267980880513810	0	13267980880513810	0	0	822083584
77	file:///sdcard/Android/data/	Index of /sdcard/Android/data/	6	0	13267980879618911	0	13267980879618911	0	0	822083584
78	file:///sdcard/Android/data/com.android.chrome/	Index of /sdcard/Android/data/com.android.chrome/	3	0	13267980791335776	0	13267980791335776	0	0	822083584
79	file:///sdcard/Android/data/com.android.chrome/files/	Index of /sdcard/Android/data/com.android.chrome/files/	2	0	13267980790811044	0	13267980790811044	0	0	822083584
80	file:///sdcard/Android/data/com.android.chrome/files/Download/	Index of /sdcard/Android/data/com.android.chrome/files/Download/	1	0	13267980789259720	0	13267980789259720	0	0	805306368
81	file:///sdcard/Android/data/com.android.providers.media/	Index of /sdcard/Android/data/com.android.providers.media/	1	0	13267980812817979	0	13267980812817979	0	0	805306368
82	file:///sdcard/Android/data/com.google.android.videos/	Index of /sdcard/Android/data/com.google.android.videos/	2	0	13267980829821421	0	13267980829821421	0	0	822083584
83	file:///sdcard/Android/data/com.google.android.videos/files/	Index of /sdcard/Android/data/com.google.android.videos/files/	2	0	13267980829615537	0	13267980829615537	0	0	822083584
84	file:///sdcard/Android/data/com.google.android.videos/files/Movies/	Index of /sdcard/Android/data/com.google.android.videos/files/Movies/	1	0	13267980828296326	0	13267980828296326	0	0	805306368
85	file:///sdcard/Android/data/com.android.contacts/	Index of /sdcard/Android/data/com.android.contacts/	2	0	13267980879385206	0	13267980879385206	0	0	822083584
86	file:///sdcard/Android/data/com.android.contacts/cache/	Index of /sdcard/Android/data/com.android.contacts/cache/	1	0	13267980878070574	0	13267980878070574	0	0	805306368
87	file:///sdcard/Samsung/	Index of /sdcard/Samsung/	1	0	13267980887233194	0	13267980887233194	0	0	805306368
88	https://github.com/scorelab/OpenMF/pulls	Pull requests · scorelab/OpenMF · GitHub	3	0	13267981438125253	0	13267981438125253	202	0	822083584
89	https://github.com/scorelab/OpenMF/pull/176	[Database] Refactored Database Architecture by sachinsom93 · Pull Request #176 · scorelab/OpenMF · GitHub	2	0	13267981428863750	0	13267981428863750	202	0	805306368
90	https://m.facebook.com/login/save-device/?login_source=login#_=_	Facebook	1	0	13267981485307960	0	13267981485307960	0	0	805306376
91	https://m.facebook.com/login/save-device/cancel/?flow=interstitial_nux_retry&nux_source=regular_login	Facebook shortcut	1	0	13267981492493895	0	13267981492493895	211	0	1073741824
92	https://m.facebook.com/?_rdr	Facebook shortcut	1	0	13267981492493895	0	13267981492493895	212	0	2147483648
93	https://m.facebook.com/gettingstarted/?_rdr	Facebook shortcut	1	0	13267981492493895	0	13267981492493895	213	0	2147483648
94	https://m.facebook.com/a/nux/wizard/nav.php?step=turn_on_notification&skip	Facebook shortcut	1	0	13267981500308957	0	13267981500308957	214	0	1073741824
95	https://m.facebook.com/gettingstarted/?step=homescreen_shortcut&_rdr	Facebook shortcut	1	0	13267981500308957	0	13267981500308957	215	0	2684354560
96	https://m.facebook.com/a/nux/wizard/nav.php?step=homescreen_shortcut&skip	Android App	1	0	13267981506626526	0	13267981506626526	216	0	1073741824
97	https://m.facebook.com/gettingstarted/?step=app_install&_rdr	Android App	1	0	13267981506626526	0	13267981506626526	217	0	2684354560
98	https://m.facebook.com/a/nux/wizard/nav.php?step=app_install&skip	Facebook	1	0	13267981510419272	0	13267981510419272	218	0	1073741824
99	https://m.facebook.com/home.php?ref=wizard&_rdr	Facebook	5	0	13267981560554382	0	13267981560554382	225	0	1895825408
100	https://m.facebook.com/home.php	Facebook	13	0	13269246914604078	0	13269246914604078	0	0	805306368
101	https://m.facebook.com/profile.php?ref=wizard	Text Bot	1	0	13267981519088262	0	13267981519088262	223	0	1610612736
102	https://m.facebook.com/home.php?ref=wizard&soft=search	ankita raj – Facebook Search	1	0	13267981525275677	0	13267981525275677	225	0	1073741824
103	https://m.facebook.com/search/top/?q=ankita%20raj&ref=content_filter&tsid=0.08138926080636955&source=typeahead	ankita raj – Facebook Search	3	0	13267981559391136	0	13267981559391136	229	0	1895825408
104	https://m.facebook.com/profile.php?id=100002205677137	Ankita Raj	1	0	13267981539166196	0	13267981539166196	227	0	1610612736
105	https://m.facebook.com/graphsearch/str/ankita+raj/keywords_users?f=AbrVdVq0rp1hKMcWdTCqFW4N4_YGY4OUrXk2GLnol55ZsLuCx7KwVW6MDBlXJ2m8_c4QZBdKEsg0Z89p17p9QDEdKKS3KI6A3uVDs8_LVL2_4wmLfoIg8LhX95CGXL7ZaAg&tsid=0.08138926080636955&source=pivot&ref=content_filter	ankita raj – Facebook Search	1	0	13267981551326724	0	13267981551326724	229	0	1610612736
106	https://m.facebook.com/?soft=search	Facebook	6	0	13269246847970532	0	13269246847970532	0	0	805306368
107	https://m.facebook.com/100068893845854/allactivity/?category_key=search&entry_point=edit_search_history	Activity log	1	0	13267981590262780	0	13267981590262780	0	0	805306368
108	https://m.facebook.com/home.php?soft=search	Facebook	1	0	13267981605444388	0	13267981605444388	0	0	805306368
109	https://www.google.com/search?q=barbati+in+english&oq=barbat&aqs=chrome.2.69i57j0i433l2j0l2.10726j0j7&client=ms-android-samsung&sourceid=chrome-mobile&ie=UTF-8	barbati in english - Google Search	3	0	13267989223598393	0	13267989223598393	0	0	855638021
110	https://www.google.com/search?q=barbati+in+english&oq=barbat&aqs=chrome.2.69i57j0i433l2j0l2.10726j0j7&client=ms-android-samsung&sourceid=chrome-mobile&ie=UTF-8#fpstate=vso	barbati in english - Google Search	1	0	13267989193171638	0	13267989193171638	0	0	805306368
111	https://www.google.com/search?q=barbati+in+english&oq=barbat&aqs=chrome.2.69i57j0i433l2j0l2.10726j0j7&client=ms-android-samsung&sourceid=chrome-mobile&ie=UTF-8#sbfbu=1&pi=barbati%20in%20english	barbati in english - Google Search	1	0	13267989201192190	0	13267989201192190	0	0	805306368
112	https://www.google.com/search?q=panch+phoron+english+name&client=ms-android-samsung&sxsrf=ALeKk03FQnKLNEBm4OYNxA8LxK2Fh2w8QQ%3A1623515276534&ei=jODEYMuBIOO1mgfBrbGYAg&oq=panch+phoran+english&gs_lcp=ChNtb2JpbGUtZ3dzLXdpei1zZXJwEAEYADIECAAQDTIICAAQCBANEB4yBggAEAgQHjIICAAQCBANEB4yBQgAEM0CMgUIABDNAjoECAAQRzoICAAQCBAHEB46CAgAEA0QBRAeOgkIABACEJ8BEA06BwgAEIcCEBQ6AggAOgYIABAHEB46BggAEAUQHjoMCAAQhwIQAhCfARAUOgQIABBDOgQIABAKOgoIABANEAUQChAeUNjjE1jE6RRghYEVaABwAXgBgAGjAogB9B2SAQYwLjExLjiYAQCgAQHIAQjAAQE&sclient=mobile-gws-wiz-serp	panch phoron english name - Google Search	2	0	13268057443096971	0	13268057443096971	0	0	805306376
113	https://www.google.com/search?q=medium&oq=medium&aqs=chrome..69i57j0i67l2j0i67i131i433j5.3743j0j9&client=ms-android-samsung&sourceid=chrome-mobile&ie=UTF-8	medium - Google Search	1	0	13268057450122494	0	13268057450122494	0	0	838860805
114	https://medium.com/	Medium	13	0	13269673473291724	0	13269673473291724	783	192391617	1610612736
115	https://medium.com/m/connect/google?state=google-%7Chttps%3A%2F%2Fmedium.com%2F%3Fsource%3Dregister--------------------------lo_home_nav-----------%7Cregister&source=register--------------------------lo_home_nav-----------	Sign in - Google Accounts	1	0	13268057475445325	0	13268057475445325	252	0	268435456
116	https://accounts.google.com/o/oauth2/auth?operation=register&state=google-%7Chttps%3A%2F%2Fmedium.com%2F%3Fsource%3Dregister--------------------------lo_home_nav-----------%7Cregister&access_type=online&client_id=216296035834-k1k6qe060s2tp2a2jam4ljdcms00sttg.apps.googleusercontent.com&redirect_uri=https%3A%2F%2Fmedium.com%2Fm%2Fcallback%2Fauthenticate&response_type=code&scope=email%20openid%20profile&nonce=898b1f1ad50eac7c341c59a06e3ceb8b2cb3dbabae2fb2a7e6478f27296f5766	Sign in - Google Accounts	2	0	13268057477140671	0	13268057477140671	252	0	805306368
117	https://accounts.google.com/o/oauth2/auth/oauthchooseaccount?operation=register&state=google-%7Chttps%3A%2F%2Fmedium.com%2F%3Fsource%3Dregister--------------------------lo_home_nav-----------%7Cregister&access_type=online&client_id=216296035834-k1k6qe060s2tp2a2jam4ljdcms00sttg.apps.googleusercontent.com&redirect_uri=https%3A%2F%2Fmedium.com%2Fm%2Fcallback%2Fauthenticate&response_type=code&scope=email%20openid%20profile&nonce=898b1f1ad50eac7c341c59a06e3ceb8b2cb3dbabae2fb2a7e6478f27296f5766&flowName=GeneralOAuthFlow	Sign in - Google Accounts	1	0	13268057477656955	0	13268057477656955	252	0	805306368
118	https://accounts.google.com/signin/oauth/consent?authuser=0&part=AJi8hAN022kXbunUxG7P4orUCz9bhJHPUzDBkwSdoxI355ySsmM2llWeuSdhojHoj7zqdor_SG0kqiZs0vxcpKcMpbUaD_nFyuC-cMp7j73925Me5290Y4c7LzYzz9YBQXkioI2Rlk4ZrlZF7qsBQ79YIwbhPProMnRTgzF6Pra7jEMEX_9ka52QQzmkNUhXvrjerXiANu4NnUSFSfkovDNkJ2csh0KwzH0UaGaei9RPWZk3FGGCKrQZGKhFjXbE7PEcnolWvO4XA5g9OCu8qSDRYVF7j-1jzh4d6_ZZHY6a6_b_2uVZMnHVv0XZZlF4IFCcifwfqvWsoakJbh9hR9cGO7UIRaCvsgp9lwm2pQehH7OwtKwo3DnFUPKwG7WsBXkZdKJmMFe3XYyG1xGjXEMOItk-z4LMjBOkTAUcFd3YMLUuI9USjDKsw4gZ4MTogPiYZ8THaXl6&as=S1476602453%3A1623583875582389&pli=1&rapt=AEjHL4N9iWRU-EqcJIC86zFAUdaJOObiVhKeso2fPxOG4Q5Nv6jn_oRNQA6_kUid-_Mm-R8W5lCWxDEDK08XMjXftfEz6AoBoQ#	Medium	1	0	13268057483754099	0	13268057483754099	256	0	1073741824
119	https://medium.com/m/callback/authenticate?state=google-%7Chttps%3A%2F%2Fmedium.com%2F%3Fsource%3Dregister--------------------------lo_home_nav-----------%7Cregister&code=4%2F0AY0e-g6vSwwhhgf7cvbUcyoFLp_kzCUF2Nu8jZx3dgalwxEhMa82fSoGxoQXAj_moDkSsA&scope=email+profile+https%3A%2F%2Fwww.googleapis.com%2Fauth%2Fuserinfo.email+openid+https%3A%2F%2Fwww.googleapis.com%2Fauth%2Fuserinfo.profile&authuser=0&prompt=consent#	Medium	1	0	13268057483754099	0	13268057483754099	257	0	2147483648
120	https://medium.com/?source=register--------------------------lo_home_nav-----------#	Medium	1	0	13268057483754099	0	13268057483754099	258	0	2147483648
121	https://medium.com/search	Search and find – Medium	10	0	13269364077887932	0	13269364077887932	698	0	822083584
122	https://medium.com/search?q=Iitg	Search and find – Medium	8	0	13269673500067587	0	13269673500067587	785	0	1610612736
123	https://medium.com/search?q=Swapnal%20	Search and find – Medium	3	0	13268373608788034	0	13268373608788034	0	0	805306368
124	https://medium.com/@swapnalshahil?source=search_post---------0	Swapnal Shahil – Medium	2	0	13268235768975284	0	13268235768975284	448	0	1073741824
125	https://medium.com/@swapnalshahil	Swapnal Shahil – Medium	24	1	13269673416163376	0	13269673416163376	0	0	268435458
126	https://medium.com/@tswap4693	test swap – Medium	1	0	13268057598168642	0	13268057598168642	0	0	805306376
127	https://medium.com/@tswap4693/about	About – test swap – Medium	1	0	13268057591898104	0	13268057591898104	269	0	1610612736
128	https://medium.com/me/design	Medium	1	0	13268057612532933	0	13268057612532933	0	12580706	805306368
129	https://medium.com/me/settings	Medium	4	0	13268057717545949	0	13268057717545949	275	0	1610612736
130	https://medium.com/@tabashike	Tabashike – Medium	1	0	13268057782885536	0	13268057782885536	276	0	1610612736
131	https://medium.com/search?q=Swapnal	Search and find – Medium	3	0	13268141126584369	0	13268141126584369	311	0	1610612736
132	https://medium.com/@swapnalshahil?source=search_post---------1	Swapnal Shahil – Medium	1	0	13268057801571260	0	13268057801571260	279	202035361	1073741824
133	https://medium.com/scorelab/journey-to-google-summer-of-code-2021-7ead13c15609?readmore=1&source=---------0----------------------------	Swapnal Shahil – Medium	4	0	13268143568301495	0	13268143568301495	0	0	805306368
134	https://medium.com/scorelab/journey-to-google-summer-of-code-2021-7ead13c15609	Journey to Google Summer of Code 2021 | by Swapnal Shahil | SCoRe Lab | May, 2021 | Medium	7	0	13268383188313800	0	13268383188313800	505	12445366313	805306368
135	https://medium.com/@swapnalshahil?source=follow_footer-------------------------------------	Journey to Google Summer of Code 2021 | by Swapnal Shahil | SCoRe Lab | May, 2021 | Medium	2	0	13268057890723544	0	13268057890723544	280	0	805306368
136	https://medium.com/?source=post_page-----7ead13c15609--------------------------------	Journey to Google Summer of Code 2021 | by Swapnal Shahil | SCoRe Lab | May, 2021 | Medium	1	0	13268057937519152	0	13268057937519152	280	0	805306368
137	https://medium.com/topic/technology	Medium	1	0	13268057946919989	0	13268057946919989	280	0	805306368
138	https://medium.com/topic/programming	Programming News and Articles — Medium	1	0	13268057955387119	0	13268057955387119	280	0	805306368
139	https://www.google.com/search?q=medium&oq=&aqs=chrome.2.35i39i362l5...5.-1j0j7&client=ms-android-samsung&sourceid=chrome-mobile&ie=UTF-8	medium - Google Search	1	0	13268140757210297	0	13268140757210297	0	0	838860805
140	https://help.medium.com/hc/en-us/articles/217991468	About SEO and Medium – Medium Help Center	1	0	13268140847040418	0	13268140847040418	0	0	805306368
141	https://medium.com/search?q	Search and find – Medium	6	0	13268373599165960	0	13268373599165960	0	0	805306368
142	https://medium.com/search?q=Swap	Search and find – Medium	1	0	13268141112983919	0	13268141112983919	310	0	1610612736
143	https://medium.com/scorelab/journey-to-google-summer-of-code-2021-7ead13c15609?source=search_post---------1	Journey to Google Summer of Code 2021 | by Swapnal Shahil | SCoRe Lab | May, 2021 | Medium	1	0	13268141135626884	0	13268141135626884	312	0	1073741824
144	https://medium.com/scorelab/tagged/iitg	Iitg – SCoRe Lab – Medium	8	0	13269673456715517	0	13269673456715517	781	0	805306368
145	https://rsci.app.link/?%24canonical_url=https%3A%2F%2Fmedium.com/scorelab%3F~feature=LiMobileNavBar&~channel=ShowCollectionHome&~stage=m2	Medium Membership: Get Unlimited Access, Support Creators	1	0	13268142599032947	0	13268142599032947	318	0	268435456
146	https://medium.com/welcome-member?%24canonical_url=https%3A%2F%2Fmedium.com%2Fscorelab%3F~feature%3DLiMobileNavBar&~channel=ShowCollectionHome&~stage=m2&_branch_match_id=932585209017240506	Medium Membership: Get Unlimited Access, Support Creators	1	0	13268142599032947	0	13268142599032947	319	0	2147483648
147	https://medium.com/membership	Medium Membership: Get Unlimited Access, Support Creators	1	0	13268142599032947	0	13268142599032947	320	0	2684354560
148	https://medium.com/search?q=Gsoc	Search and find – Medium	2	0	13268143203800491	0	13268143203800491	328	0	1610612736
149	https://medium.com/search?q=GsocGsoc202q	Search and find – Medium	1	0	13268143199731505	0	13268143199731505	327	0	1610612736
150	https://medium.com/search?q=Gsoc2031	Search and find – Medium	1	0	13268143224375839	0	13268143224375839	329	0	1610612736
151	https://medium.com/search?q=Gsoc2031202	Search and find – Medium	1	0	13268143227598488	0	13268143227598488	330	0	1610612736
152	https://medium.com/search?q=Gsoc20	Search and find – Medium	1	0	13268143232978569	0	13268143232978569	331	86191464	1610612736
153	https://medium.com/search?q=Gsoc2021	Search and find – Medium	1	0	13268143314649913	0	13268143314649913	332	0	805306376
154	https://medium.com/search/tags?q=Gsoc2021	Search tags – Medium	1	0	13268143319170033	0	13268143319170033	332	0	805306368
155	https://www.google.com/search?q=journey+to+google+summer+of+code&oq=journey+to+google+summer+of+code&aqs=chrome..69i57j33i22i29i30l4.11374j0j7&client=ms-android-samsung&sourceid=chrome-mobile&ie=UTF-8	journey to google summer of code - Google Search	1	0	13268143440134228	0	13268143440134228	0	0	822083592
156	https://www.google.com/search?q=journey+to+google+summer+of+code&oq=journey+to+google+summer+of+code&aqs=chrome..69i57j33i22i29i30l4.11374j0j7&client=ms-android-samsung&sourceid=chrome-mobile&ie=UTF-8#sbfbu=1&pi=journey%20to%20google%20summer%20of%20code	journey to google summer of code - Google Search	3	0	13268143424631561	0	13268143424631561	0	0	822083584
157	https://www.google.com/search?q=journey+to+google+summer+of+code+swapnal&client=ms-android-samsung&sxsrf=ALeKk004dpb9nFr3TZJUNyegkOI_yVOfWg%3A1623669759995&ei=_zvHYK6FPMiH4-EP2euYqA4&oq=journey+to+google+summer+of+code+swapnal&gs_lcp=ChNtb2JpbGUtZ3dzLXdpei1zZXJwEAMyBQghEKABMgUIIRCgAToECAAQRzoICCEQFhAdEB5QgIoBWMadAWCooAFoAHABeACAAZwDiAGZEZIBBzItNy4wLjGYAQCgAQHIAQjAAQE&sclient=mobile-gws-wiz-serp	journey to google summer of code swapnal - Google Search	3	0	13268143407665056	0	13268143407665056	0	0	822083591
158	https://www.google.com/search?q=journey+to+google+summer+of+code&oq=journey+to+google+summer+of+code&aqs=chrome..69i57j33i22i29i30l4.11374j0j7&client=ms-android-samsung&sourceid=chrome-mobile&ie=UTF-8#fpstate=vso&pi=journey%20to%20google%20summer%20of%20code&sbfbu=1	journey to google summer of code - Google Search	1	0	13268143421233760	0	13268143421233760	0	0	805306368
159	https://www.google.com/search?q=swapnal+shahil+google+summer+of+code&client=ms-android-samsung&sxsrf=ALeKk004dpb9nFr3TZJUNyegkOI_yVOfWg%3A1623669759995&ei=_zvHYK6FPMiH4-EP2euYqA4&oq=swapnal+shahil+google+&gs_lcp=ChNtb2JpbGUtZ3dzLXdpei1zZXJwEAEYADIFCCEQoAEyBQghEKABOgQIABBHOgcIIxDqAhAnOgQIIxAnOgQIABBDOgUIABCRAjoFCC4QkQI6CAgAELEDEIMBOggIABCxAxCRAjoQCC4QsQMQgwEQxwEQowIQQzoFCC4QsQM6BwgAELEDEEM6CggAELEDEIMBEEM6AggAOgUIABCxAzoHCC4QsQMQQzoECC4QQzoICC4QxwEQrwE6DgguELEDEIMBEMcBEK8BOgIILjoKCAAQsQMQgwEQCjoHCC4QsQMQCjoQCC4QsQMQgwEQxwEQrwEQCjoECAAQCjoGCAAQFhAeOggIABAWEAoQHjoKCC4QxwEQrwEQDToECAAQDToHCAAQyQMQDToHCCEQChCgAVDaaljPnAFg7KQBaAJwAngAgAG6AogBvSySAQYyLTIwLjKYAQCgAQGwAQ_IAQjAAQE&sclient=mobile-gws-wiz-serp	swapnal shahil google summer of code - Google Search	3	0	13268143500054826	0	13268143500054826	0	0	822083591
160	https://www.google.com/search?q=swapnal+shahil+google+summer+of+code&client=ms-android-samsung&sxsrf=ALeKk004dpb9nFr3TZJUNyegkOI_yVOfWg%3A1623669759995&ei=_zvHYK6FPMiH4-EP2euYqA4&oq=swapnal+shahil+google+&gs_lcp=ChNtb2JpbGUtZ3dzLXdpei1zZXJwEAEYADIFCCEQoAEyBQghEKABOgQIABBHOgcIIxDqAhAnOgQIIxAnOgQIABBDOgUIABCRAjoFCC4QkQI6CAgAELEDEIMBOggIABCxAxCRAjoQCC4QsQMQgwEQxwEQowIQQzoFCC4QsQM6BwgAELEDEEM6CggAELEDEIMBEEM6AggAOgUIABCxAzoHCC4QsQMQQzoECC4QQzoICC4QxwEQrwE6DgguELEDEIMBEMcBEK8BOgIILjoKCAAQsQMQgwEQCjoHCC4QsQMQCjoQCC4QsQMQgwEQxwEQrwEQCjoECAAQCjoGCAAQFhAeOggIABAWEAoQHjoKCC4QxwEQrwEQDToECAAQDToHCAAQyQMQDToHCCEQChCgAVDaaljPnAFg7KQBaAJwAngAgAG6AogBvSySAQYyLTIwLjKYAQCgAQGwAQ_IAQjAAQE&sclient=mobile-gws-wiz-serp#sbfbu=1&pi=swapnal%20shahil%20google%20summer%20of%20code	swapnal shahil google summer of code - Google Search	1	0	13268143489209766	0	13268143489209766	0	0	805306368
161	https://www.google.com/search?q=swapnal+shahil+journey+to+google+summer+of+code&client=ms-android-samsung&sxsrf=ALeKk01yCTon_Czz4oNsDam8AkO8F0D-pg%3A1623669840864&ei=UDzHYOGwNKuR4-EP1M6_6AY&oq=swapnal+shahil+journey+to+google+summer+of+code&gs_lcp=ChNtb2JpbGUtZ3dzLXdpei1zZXJwEAM6BAgjECc6BwgjELACECc6BAgeEApQupADWMWxA2CMxgNoAHAAeACAAbgCiAHIFpIBBjItMTEuMZgBAKABAcABAQ&sclient=mobile-gws-wiz-serp	swapnal shahil journey to google summer of code - Google Search	3	0	13268143524093773	0	13268143524093773	0	0	822083591
162	http://www.alanwar10.com/scorelab/tagged/google	Google – SCoRe Lab – Medium	1	0	13268143512839407	0	13268143512839407	0	0	805306368
163	https://medium.com/search?source=post_page-----7ead13c15609--------------------------------	Search and find – Medium	1	0	13268152959302983	0	13268152959302983	359	0	805306368
164	https://medium.com/search?q=Iitg%20	Search and find – Medium	2	0	13268153466945340	0	13268153466945340	0	0	805306368
165	https://medium.com/search?q=Swapnal%20shahil%20	Search and find – Medium	1	0	13268153449503967	0	13268153449503967	0	0	805306376
166	https://medium.com/@swapnalshahil/google-summer-of-code-openmf-week-1-4022fb270a79?source=search_post---------1	Google Summer of Code: OpenMF Week 1 | by Swapnal Shahil | Jun, 2021 | Medium	1	0	13268152996525257	0	13268152996525257	364	0	1073741824
167	https://swapnalshahil.medium.com/google-summer-of-code-openmf-week-1-4022fb270a79?source=search_post---------1	Google Summer of Code: OpenMF Week 1 | by Swapnal Shahil | Jun, 2021 | Medium	1	0	13268152996525257	0	13268152996525257	365	0	2147483648
168	https://swapnalshahil.medium.com/google-summer-of-code-openmf-week-1-4022fb270a79	Google Summer of Code: OpenMF Week 1 | by Swapnal Shahil | Jun, 2021 | Medium	9	0	13268235796024442	0	13268235796024442	448	0	805306368
169	https://www.google.com/search?q=journey+to+google+summer+of+code&oq=&aqs=chrome.0.35i39i362l5...5.-1j0j7&client=ms-android-samsung&sourceid=chrome-mobile&ie=UTF-8	journey to google summer of code - Google Search	1	0	13268153922569248	0	13268153922569248	0	0	805306376
170	https://www.google.com/search?q=journey+to+google+summer+of+code&oq=&aqs=chrome.0.35i39i362l5...5.-1j0j7&client=ms-android-samsung&sourceid=chrome-mobile&ie=UTF-8#ip=1	journey to google summer of code - Google Search	1	0	13268153957269940	0	13268153957269940	0	0	822083592
171	https://www.google.com/search?q=journey+to+google+summer+of+code&oq=&aqs=chrome.0.35i39i362l5...5.-1j0j7&client=ms-android-samsung&sourceid=chrome-mobile&ie=UTF-8#ip=1&sbfbu=1&pi=journey%20to%20google%20summer%20of%20code	journey to google summer of code - Google Search	2	0	13268153958994942	0	13268153958994942	0	0	805306368
172	https://www.google.com/search?q=swapnal+shahil+journey+to+google+summer+of+code&oq=swa&aqs=chrome.0.69i59l3j69i57j69i60.1486j0j9&client=ms-android-samsung&sourceid=chrome-mobile&ie=UTF-8	swapnal shahil journey to google summer of code - Google Search	1	0	13268153962840397	0	13268153962840397	0	0	838860805
173	https://swapnalshahil.medium.com/	Swapnal Shahil – Medium	31	0	13269673664048385	0	13269673664048385	784	0	805306368
174	https://swapnalshahil.medium.com/google-summer-of-code-openmf-week-1-4022fb270a79?readmore=1&source=---------0----------------------------	Swapnal Shahil – Medium	6	0	13268235785100032	0	13268235785100032	448	0	805306368
175	https://medium.com/?source=post_page-----4022fb270a79--------------------------------	Medium	1	0	13268154308696332	0	13268154308696332	381	0	805306368
176	https://swapnalshahil.medium.com/?source=home---------0---------------------59209cbb_eeac_45d2_b9b4_c8192ba3b6fa-------2	Swapnal Shahil – Medium	1	0	13268154345583204	0	13268154345583204	383	0	805306368
177	https://www.google.com/search?q=swapnal+shahil&oq=swapnal+shahil&aqs=chrome..69i57j35i39j69i60j69i65l2.12671j0j7&client=ms-android-samsung&sourceid=chrome-mobile&ie=UTF-8	swapnal shahil - Google Search	2	0	13268223733911141	0	13268223733911141	0	0	855638021
178	https://www.linkedin.com/authwall?trk=ripf&trkInfo=AQE_3QAYzd3PZAAAAXoPmqVYqndqYLIr_10CFr3SaCAVfLlUlLqQo1ys1S2_RrFYHg-bKHFBpwpSbshgOMWBcY-5u5KDbELPQMggRQ7K-o1xpt6xrzbel2RqeDHNVp7hA7Tv8q8=&originalReferer=https://www.google.com/&sessionRedirect=https%3A%2F%2Fin.linkedin.com%2Fin%2Fswapnalshahil	Profile | LinkedIn	1	0	13268233033357100	0	13268233033357100	410	0	1073741824
179	https://www.linkedin.com/feed/?pwa=noCache	Feed | LinkedIn	2	0	13268233063609010	0	13268233063609010	419	0	805306368
180	https://www.linkedin.com/feed/#search	Feed | LinkedIn	1	0	13268233064821898	0	13268233064821898	419	0	805306368
181	https://medium.com/search?q=iitg	Search and find – Medium	2	0	13268235603757545	0	13268235603757545	429	0	1610612736
182	https://medium.com/search?q=iitgu	Search and find – Medium	2	0	13268235689241396	0	13268235689241396	433	0	1610612736
183	https://medium.com/search?q=iitguati	Search and find – Medium	1	0	13268235683898502	0	13268235683898502	431	0	1610612736
184	https://medium.com/search?q=iitguatiat	Search and find – Medium	1	0	13268235685783855	0	13268235685783855	432	0	1610612736
185	https://medium.com/search?q=iitguwa	Search and find – Medium	1	0	13268235692080413	0	13268235692080413	434	0	1610612736
186	https://medium.com/search?q=iitguwaa	Search and find – Medium	1	0	13268235694867242	0	13268235694867242	435	0	1610612736
187	https://medium.com/search?q=iitguw	Search and find – Medium	1	0	13268235698854000	0	13268235698854000	436	0	1610612736
188	https://medium.com/search?q=iitguwh	Search and find – Medium	2	0	13268235709727447	0	13268235709727447	439	0	1610612736
189	https://medium.com/search?q=iitguwhti	Search and find – Medium	1	0	13268235704603778	0	13268235704603778	438	0	1610612736
190	https://medium.com/search?q=iitguwha	Search and find – Medium	1	0	13268235711807700	0	13268235711807700	440	0	1610612736
191	https://medium.com/search?q=iitguwhat	Search and find – Medium	2	0	13268235720227205	0	13268235720227205	443	0	1610612736
192	https://medium.com/search?q=iitguwhatti	Search and find – Medium	1	0	13268235717498515	0	13268235717498515	442	0	1610612736
193	https://medium.com/search?q=iitguwhati	Search and find – Medium	1	0	13268235725195848	0	13268235725195848	444	0	1610612736
194	https://medium.com/search?q=iitguwahati	Search and find – Medium	1	0	13268235732642997	0	13268235732642997	445	0	1610612736
195	https://medium.com/search?q=iitguwahati%20swapnal%20	Search and find – Medium	1	0	13268235757334620	0	13268235757334620	446	0	1610612736
196	https://medium.com/search?q=swapnal%20	Search and find – Medium	1	0	13268235764176044	0	13268235764176044	447	36108274	1610612736
197	https://swapnalshahil.medium.com/?source=search_post---------0	Swapnal Shahil – Medium	1	0	13268235779097355	0	13268235779097355	448	0	805306376
198	https://www.google.com/search?q=engineering&oq=engineering&aqs=chrome..69i57j0i131i433j0j0i433j0.4147j0j7&client=ms-android-samsung&sourceid=chrome-mobile&ie=UTF-8	engineering - Google Search	1	0	13268317600268655	0	13268317600268655	0	0	838860805
199	https://medium.com/scorelab/google-summer-of-code-openmf-week-1-4022fb270a79	Google Summer of Code: OpenMF Week 1 | by Swapnal Shahil | SCoRe Lab | Jun, 2021 | Medium	5	0	13269534738688863	0	13269534738688863	775	0	805306368
200	https://medium.com/scorelab/search	Search – SCoRe Lab – Medium	2	0	13269364040423237	0	13269364040423237	694	0	805306368
201	https://medium.com/scorelab/search?q=Iitg	Iitg – SCoRe Lab – Medium	1	0	13268373330767132	0	13268373330767132	474	0	805306368
202	https://medium.com/search?q=Iit%20guwahati%20	Search and find – Medium	4	0	13269364090720599	0	13269364090720599	698	0	805306368
203	https://medium.com/search?q=Open	Search and find – Medium	2	0	13268373508732155	0	13268373508732155	0	0	805306368
204	https://medium.com/search?q=Ope	Search and find – Medium	1	0	13268373506838731	0	13268373506838731	0	0	805306368
205	https://medium.com/search?q=Open%20	Search and find – Medium	1	0	13268373512785899	0	13268373512785899	0	0	805306368
206	https://medium.com/search?q=Open%20source%20	Search and find – Medium	1	0	13268373515676745	0	13268373515676745	0	0	805306368
207	https://medium.com/search?q=Iit	Search and find – Medium	1	0	13268373590473257	0	13268373590473257	0	0	805306376
208	https://medium.com/search?q=SwaSwapnal%20	Search and find – Medium	1	0	13268373601669633	0	13268373601669633	0	0	805306368
209	https://medium.com/scorelab/journey-to-google-summer-of-code-2021-7ead13c15609?source=search_post---------0	Journey to Google Summer of Code 2021 | by Swapnal Shahil | SCoRe Lab | May, 2021 | Medium	1	0	13268373611833035	0	13268373611833035	498	0	1073741824
210	https://swapnalshahil.medium.com/?source=post_page-----7ead13c15609--------------------------------	Swapnal Shahil – Medium	1	0	13268373622184780	0	13268373622184780	500	0	805306368
211	https://swapnalshahil.medium.com/?source=follow_footer-------------------------------------	Swapnal Shahil – Medium	2	0	13268395625283050	0	13268395625283050	507	0	805306368
212	https://medium.com/scorelab/journey-to-google-summer-of-code-2021-7ead13c15609?readmore=1&source=---------1----------------------------	Journey to Google Summer of Code 2021 | by Swapnal Shahil | SCoRe Lab | May, 2021 | Medium	1	0	13268383181759110	0	13268383181759110	505	0	805306368
213	https://m.facebook.com/#	Facebook	3	0	13268472213952373	0	13268472213952373	0	0	822083584
214	https://m.facebook.com/search/top/?q=swapnal%20shahil&tsid=0.8963558012726678&source=result	swapnal shahil – Facebook Search	4	0	13268589230627190	0	13268589230627190	0	0	805306368
215	https://m.facebook.com/profile.php?id=100007288237916&ref=content_filter	Swapnal Shahil	1	0	13268472222798806	0	13268472222798806	0	0	805306368
216	https://m.facebook.com/search/top/?q=swapnal%20shahil&tsid=0.8963558012726678&source=result&soft=search	swapnal shahil – Facebook Search	1	0	13268589229027682	0	13268589229027682	0	0	822083592
217	https://m.facebook.com/search/top/?q=arighna%20chakraborty&tsid=0.7797179083937926&source=result	arighna chakraborty – Facebook Search	2	0	13268472666677524	0	13268472666677524	0	0	822083584
218	https://m.facebook.com/profile.php?id=100001850062969	Arighna Chakrabarty	1	0	13268472339481634	0	13268472339481634	0	0	805306368
219	https://m.facebook.com/search/top/?q=arighna%20chakraborty&tsid=0.7797179083937926&source=result&soft=search	arighna chakraborty – Facebook Search	1	0	13268472669502877	0	13268472669502877	0	0	805306368
220	https://m.facebook.com/swapnal.sahil.1?tsid=0.2314874728150127&source=result	Swapnal Shahil	2	0	13268589221654418	0	13268589221654418	0	0	805306368
221	https://medium.com/scorelab/google-summer-of-code-openmf-week-2-698d49fab4ec?readmore=1&source=---------0----------------------------	Google Summer of Code: OpenMF Week 2 | by Swapnal Shahil | SCoRe Lab | Jun, 2021 | Medium	1	0	13268644832347476	0	13268644832347476	549	0	805306368
222	https://medium.com/scorelab/google-summer-of-code-openmf-week-2-698d49fab4ec	Google Summer of Code: OpenMF Week 2 | by Swapnal Shahil | SCoRe Lab | Jun, 2021 | Medium	6	0	13269067450117333	0	13269067450117333	593	4199249151	805306368
223	https://medium.com/scorelab/google-summer-of-code-openmf-week-2-698d49fab4ec?source=---------0-----------------------	Google Summer of Code: OpenMF Week 2 | by Swapnal Shahil | SCoRe Lab | Jun, 2021 | Medium	2	0	13268645003640197	0	13268645003640197	557	6278171427	1073741824
224	https://support.google.com/googleplay?p=details_refundpolicy&ctx=com.opera.browser	Learn about refunds on Google Play - Google Play Help	1	0	13268721749643294	0	13268721749643294	0	0	268435456
225	https://support.google.com/googleplay/answer/2479637?p=details_refundpolicy&ctx=com.opera.browser&visit_id=637598449487455850-3865451766&rd=1	Learn about refunds on Google Play - Google Play Help	1	0	13268721749643294	0	13268721749643294	566	2998488	2684354560
226	https://accounts.google.com/AccountChooser?hl=en_GB&Email=tswap4693%40gmail.com&continue=https%3A%2F%2Fwww.google.com%2Fmaps%2Fplacelists%2Fall%3Fsource%3Dmc%26hl%3Den_GB	Google Maps	1	0	13268758897843910	0	13268758897843910	0	0	268435456
227	https://accounts.google.com/ServiceLogin?continue=https%3A%2F%2Fwww.google.com%2Fmaps%2Fplacelists%2Fall%3Fsource%3Dmc%26hl%3Den_GB&sacu=1&passive=1209600&hl=en_GB&authuser=0	Google Maps	1	0	13268758897843910	0	13268758897843910	573	0	2147483648
228	https://www.google.com/maps/placelists/all?source=mc&hl=en_GB&pli=1	Google Maps	1	0	13268758897843910	0	13268758897843910	574	0	2684354560
229	https://www.google.com/maps/@25.639723,85.0493925,16z/data=!4m5!1m2!10m1!1e1!10m1!1e1?hl=en_GB&source=mc	Google Maps	1	0	13268758900631789	0	13268758900631789	0	0	805306368
230	https://www.google.com/maps/@25.639723,85.0493925,16z/data=!4m2!10m1!1e1?hl=en_GB&source=mc	Google Maps	1	0	13268758902000480	0	13268758902000480	0	167776	805306368
231	https://accounts.google.com/AccountChooser?hl=en_GB&Email=tswap4693%40gmail.com&continue=https%3A%2F%2Ftakeout.google.com%2Ftakeout%2Fcustom%2Fmymaps%2Clocal_actions%2Clocation_history%3Fdnm%3Dtrue%26hl%3Den_GB	Google Takeout	1	0	13268758911631547	0	13268758911631547	0	0	268435456
232	https://accounts.google.com/ServiceLogin?continue=https%3A%2F%2Ftakeout.google.com%2Ftakeout%2Fcustom%2Fmymaps%2Clocal_actions%2Clocation_history%3Fdnm%3Dtrue%26hl%3Den_GB&sacu=1&passive=1209600&hl=en_GB&authuser=0	Google Takeout	1	0	13268758911631547	0	13268758911631547	578	0	2147483648
233	https://takeout.google.com/accounts/SetOSID?authuser=0&continue=https%3A%2F%2Ftakeout.google.com%2Ftakeout%2Fcustom%2Fmymaps%2Clocal_actions%2Clocation_history%3Fdnm%3Dtrue%26hl%3Den_GB%26pli%3D1&osidt=ALWU2ctv5AGJBbzlnh1UVU8ihtH_6MSyxsQLrM8J83TilH-KL0uxs7hoVKUTDEyPzRhyk-xLdBBRq5P6qZ5J11EANYgJSym7wuNU6hv0L8j2qTp5bS0EWf5w6EcIAnheki1eitSbilG0LD7Wdq501Lkmn9MEydQmR9z9lN11QjSFicjdUnuJ3hFdWXTqBadUjgcPWolJheoGLZuoWU38q9PitFNa4gfXtQ&ifkv=AU9NCcxLqFuMdzOogoJt36Gq-yAx8LQbJPeFXZODXMxvWXYh1gncMW_qK8wLy0sE4n1Vucydgp7m0Q%3D%3D	Google Takeout	1	0	13268758911631547	0	13268758911631547	579	0	2147483648
234	https://takeout.google.com/takeout/custom/mymaps,local_actions,location_history?dnm=true&hl=en_GB&pli=1	Google Takeout	1	0	13268758911631547	0	13268758911631547	580	0	2684354560
235	https://www.google.com/search?q=danapur&oq=danapur+&aqs=chrome..69i57j0i433j0j0i433j0.3818j0j4&client=ms-android-samsung&sourceid=chrome-mobile&ie=UTF-8	danapur - Google Search	1	0	13268904323451348	0	13268904323451348	0	0	838860805
236	https://medium.com/scorelab/google-summer-of-code-openmf-week-2-698d49fab4ec?source=---------0----------------------------	Google Summer of Code: OpenMF Week 2 | by Swapnal Shahil | SCoRe Lab | Jun, 2021 | Medium	2	0	13269067443543029	0	13269067443543029	593	0	805306368
237	https://medium.com/scorelab?source=follow_footer-------------------------------------	SCoRe Lab – Medium	2	0	13269363963396178	0	13269363963396178	690	0	805306368
238	https://medium.com/scorelab	SCoRe Lab – Medium	3	0	13269364036115504	0	13269364036115504	694	0	805306368
239	https://www.linkedin.com/in/swapnalshahil/detail/treasury/position:1781413443/?entityUrn=urn%3Ali%3Afsd_profileTreasuryMedia%3A(ACoAAC30fzgBbDwbwQEVI8A-JRZw637hjwQDVAU%2C1635460167890)&section=position%3A1781413443&treasuryCount=2	Swapnal Shahil | LinkedIn	1	0	13269080848124606	0	13269080848124606	0	0	805306368
240	https://github.com/swapnalshahil/My-GSoC-Proposal	GitHub - swapnalshahil/My-GSoC-Proposal: My proposal for GSoC'21 (will be regularly updating this summer)	1	0	13269080857491292	0	13269080857491292	0	6291828	805306376
241	https://www.google.com/search?gs_ssp=eJzj4tDP1TdILyo0MGB0YPDiyk2szM_LS8wsTgUAVWwHgQ&q=mayonnaise&oq=mayo&aqs=chrome.1.69i57j46i433j0i433j0i433i457.7160j0j4&client=ms-android-samsung&sourceid=chrome-mobile&ie=UTF-8	mayonnaise - Google Search	1	0	13269080933761478	0	13269080933761478	0	0	838860805
242	https://zeenews.india.com/technology/apple-iphone-13-launch-date-out-check-expected-price-and-everything-we-know-so-far-2371319.html/amp	Apple iPhone 13 launch date out? Check expected price and everything we know so far!	1	0	13269080961538634	0	13269080961538634	0	0	805306370
243	https://swapnalshahil.medium.com/b-tech-2nd-year-at-iit-guwahati-100706fcce3a?readmore=1&source=---------0----------------------------	Swapnal Shahil – Medium	1	0	13269207517002050	0	13269207517002050	0	0	805306368
244	https://swapnalshahil.medium.com/b-tech-2nd-year-at-iit-guwahati-100706fcce3a	B.Tech 2nd Year at IIT Guwahati. “From sophomore to junior” | by Swapnal Shahil | Jun, 2021 | Medium	4	0	13269493310239213	0	13269493310239213	0	0	805306368
245	https://m.facebook.com/?soft=composer	Facebook	1	0	13269246794888477	0	13269246794888477	0	0	805306368
246	https://m.facebook.com/swapnal.sahil.1?tsid=0.02693070124029373&source=result	Swapnal Shahil	1	0	13269246849772423	0	13269246849772423	0	0	805306368
247	https://m.facebook.com/profile.php?fref=nf	Text Bot	1	0	13269246887696767	0	13269246887696767	0	0	805306368
248	https://m.facebook.com/profile.php?lst=100068893845854%3A100068893845854%3A1624773288	Text Bot	4	0	13269246924356268	0	13269246924356268	0	0	822083584
249	https://m.facebook.com/profile/intro/edit/public/?refid=17	Edit profile	1	0	13269246911329551	0	13269246911329551	656	0	1610612736
250	https://m.facebook.com/profile.php?lst=100068893845854%3A100068893845854%3A1624773288&mds=%2Fprivacy%2Fselector%2Fdialog%2F%3Fcid%3DS%253A_I100068893845854%253A119222073717587%26ct%3D6%26nodeid%3Du_0_39_FL%26auto%3D1%26loc%3Dtimeline&mdf=1	Text Bot	1	0	13269246920511791	0	13269246920511791	0	0	805306368
251	https://swapnalshahil.medium.com/b-tech-2nd-year-at-iit-guwahati-100706fcce3a?source=---------0----------------------------	Swapnal Shahil – Medium	1	0	13269256901951233	0	13269256901951233	0	0	805306368
252	https://swapnalshahil.medium.com/google-summer-of-code-openmf-week-3-e7ac663e88e9?source=---------0----------------------------	Google Summer of Code: OpenMF Week 3 | by Swapnal Shahil | Jun, 2021 | Medium	2	0	13269265772940573	0	13269265772940573	675	0	805306368
253	https://swapnalshahil.medium.com/google-summer-of-code-openmf-week-3-e7ac663e88e9	Google Summer of Code: OpenMF Week 3 | by Swapnal Shahil | Jun, 2021 | Medium	3	0	13269279276042167	0	13269279276042167	675	0	805306376
254	https://medium.com/?source=post_page-----e7ac663e88e9--------------------------------	Medium	1	0	13269263393651099	0	13269263393651099	670	0	805306368
255	https://medium.com/scorelab/google-summer-of-code-openmf-week-3-e7ac663e88e9?source=---------0----------------------------	Google Summer of Code: OpenMF Week 3 | by Swapnal Shahil | SCoRe Lab | Jun, 2021 | Medium	4	0	13269673434865796	0	13269673434865796	779	0	805306368
256	https://medium.com/scorelab/google-summer-of-code-openmf-week-3-e7ac663e88e9	Google Summer of Code: OpenMF Week 3 | by Swapnal Shahil | SCoRe Lab | Jun, 2021 | Medium	5	0	13269673443075238	0	13269673443075238	779	13640279	805306368
257	https://medium.com/scorelab/google-summer-of-code-openmf-week-3-e7ac663e88e9?source=collection_home---5------3-----------------------	Google Summer of Code: OpenMF Week 3 | by Swapnal Shahil | SCoRe Lab | Jun, 2021 | Medium	1	0	13269363986262230	0	13269363986262230	692	0	1073741824
258	https://medium.com/scorelab?source=post_page-----e7ac663e88e9--------------------------------	SCoRe Lab – Medium	1	0	13269364033718446	0	13269364033718446	694	0	805306368
259	https://medium.com/search/tags?q=Iit%20guwahati%20	Search tags – Medium	2	0	13269364254339076	0	13269364254339076	698	0	805306368
260	https://medium.com/search/users?q=Iit%20guwahati%20	Search users – Medium	1	0	13269364227419393	0	13269364227419393	698	0	805306368
261	https://medium.com/tag/iit-guwahati?source=search	The most insightful stories about Iit Guwahati - Medium	1	0	13269364257324465	0	13269364257324465	707	0	1073741824
262	https://medium.com/tag/iit-guwahati	The most insightful stories about Iit Guwahati - Medium	2	0	13269364345435208	0	13269364345435208	709	0	1895825408
263	https://medium.com/tag/iit-guwahati/top/week?source=topics_v2-------------------------------------	Read this week's top stories about Iit Guwahati - Medium	1	0	13269364328239019	0	13269364328239019	709	0	1073741824
264	https://medium.com/tag/iit-guwahati/top/week	Read this week's top stories about Iit Guwahati - Medium	1	0	13269364331729904	0	13269364331729904	710	0	1610612736
265	https://www.google.com/search?q=bronze&oq=bronze&aqs=chrome..69i57j0l2j0i433l2.6982j1j4&client=ms-android-samsung&sourceid=chrome-mobile&ie=UTF-8	bronze - Google Search	2	0	13269365223731296	0	13269365223731296	0	0	855638021
266	https://www.google.com/search?q=bronze&oq=bronze&aqs=chrome..69i57j0l2j0i433l2.6982j1j4&client=ms-android-samsung&sourceid=chrome-mobile&ie=UTF-8#sbfbu=1&pi=bronze	bronze - Google Search	1	0	13269365221052009	0	13269365221052009	0	0	805306368
267	https://www.google.com/search?q=bronze+in+hindi&client=ms-android-samsung&sxsrf=ALeKk00U82LjLoO72H9tpbg43I8eJHUaEw%3A1624891614535&ei=3uDZYJqfIJn8rQHMlacQ&oq=bronze&gs_lcp=ChNtb2JpbGUtZ3dzLXdpei1zZXJwEAEYADIECAAQRzIECAAQRzIECAAQRzIECAAQRzIECAAQRzIECAAQRzIECAAQRzIECAAQR1AAWABgwSxoAHABeACAAQCIAQCSAQCYAQDIAQjAAQE&sclient=mobile-gws-wiz-serp	bronze in hindi - Google Search	2	0	13269365225626337	0	13269365225626337	0	0	805306368
268	https://www.google.com/search?q=copper&oq=copp&aqs=chrome.2.69i57j0i67i433l2j0i67l2.2845j0j9&client=ms-android-samsung&sourceid=chrome-mobile&ie=UTF-8	copper - Google Search	1	0	13269365234138428	0	13269365234138428	0	0	838860805
269	https://www.google.com/?sa=X&ved=0ahUKEwiM44qFybrxAhV9lEsFHWUWAs4QOwgC	Google	2	0	13269365238148892	0	13269365238148892	0	0	805306368
270	https://www.google.com/search?q=copper+price&oq=copper+&aqs=chrome.3.69i57j0i67l2j0i67i131i433j0i67i457.3904j1j4&client=ms-android-samsung&sourceid=chrome-mobile&ie=UTF-8	copper price - Google Search	1	0	13269365242347927	0	13269365242347927	0	0	838860805
271	https://www.nasdaq.com/market-activity/commodities/hg:cmx	Copper Price: Latest Futures Prices, Charts & Market News | Nasdaq	1	0	13269365257662129	0	13269365257662129	0	0	805306368
272	https://swapnalshahil.medium.com/?source=post_page-----e7ac663e88e9--------------------------------	Swapnal Shahil – Medium	1	0	13269421829980063	0	13269421829980063	732	0	805306368
273	https://swapnalshahil.medium.com/b-tech-2nd-year-at-iit-guwahati-100706fcce3a?source=---------1----------------------------	Swapnal Shahil – Medium	1	0	13269493301398776	0	13269493301398776	0	0	805306376
274	https://swapnalshahil.medium.com/followers?source=post_page-----100706fcce3a--------------------------------	B.Tech 2nd Year at IIT Guwahati. “From sophomore to junior” | by Swapnal Shahil | Jun, 2021 | Medium	1	0	13269493362966126	0	13269493362966126	0	0	805306368
275	https://swapnalshahil.medium.com/followers	People following Swapnal Shahil	3	0	13269673614333598	0	13269673614333598	784	0	822083584
276	https://github.com/scorelab/OpenMF/pull/195	Keyword search (for getting cases) by swapnalshahil · Pull Request #195 · scorelab/OpenMF · GitHub	9	0	13269496389678880	0	13269496389678880	772	0	805306368
277	https://github.com/scorelab/OpenMF/pull/195/files	Keyword search (for getting cases) by swapnalshahil · Pull Request #195 · scorelab/OpenMF · GitHub	3	0	13269493559124501	0	13269493559124501	743	0	805306368
278	https://github.com/scorelab/OpenMF/pull/195/files/3ff6e3c7983af0b959efc416d89ec87c08f10030	Keyword search (for getting cases) by swapnalshahil · Pull Request #195 · scorelab/OpenMF · GitHub	1	0	13269493627795908	0	13269493627795908	743	0	805306368
279	https://www.google.com/search?q=caustic+soda&oq=castic+&aqs=chrome.1.69i57j0i10i433l3j0i10.3440j0j7&client=ms-android-samsung&sourceid=chrome-mobile&ie=UTF-8	caustic soda - Google Search	1	0	13269495857465174	0	13269495857465174	0	0	838860805
280	https://en.wikipedia.org/wiki/Sodium_hydroxide	Sodium hydroxide - Wikipedia	1	0	13269495866396349	0	13269495866396349	0	0	805306368
281	https://medium.com/scorelab/google-summer-of-code-openmf-week-1-4022fb270a79?source=---------3----------------------------	Google Summer of Code: OpenMF Week 1 | by Swapnal Shahil | SCoRe Lab | Jun, 2021 | Medium	1	0	13269534731834782	0	13269534731834782	775	0	805306368
282	https://medium.com/search/tags?q=Iitg	Search tags – Medium	2	0	13269673531291109	0	13269673531291109	787	0	1610612736
283	https://medium.com/tag/iitg?source=search	The most insightful stories about Iitg - Medium	1	0	13269673538649249	0	13269673538649249	788	0	1073741824
284	https://medium.com/tag/iitg	The most insightful stories about Iitg - Medium	1	0	13269673541847212	0	13269673541847212	789	0	1610612736
285	https://swapnalshahil.medium.com/?source=topics_v2-------------------------------------	Swapnal Shahil – Medium	1	0	13269673576724777	0	13269673576724777	784	0	805306368
286	https://swapnalshahil.medium.com/about	About – Swapnal Shahil – Medium	5	0	13269673617966909	0	13269673617966909	784	0	822083584
287	https://rijusougata13.medium.com/?source=user_followers_list-------------------------------------	Sougata Das – Medium	1	0	13269673602624827	0	13269673602624827	792	0	805306368
288	https://rijusougata13.medium.com/	Sougata Das – Medium	1	0	13269673608478816	0	13269673608478816	792	0	805306368
289	https://swapnalshahil.medium.com/?p=100706fcce3a	Swapnal Shahil – Medium	2	0	13269673665683341	0	13269673665683341	784	0	805306368
